,City,Cloudiness,Country,Date,Humidity,Lat,Lng,Max Temp,Wind Speed
0,Paris,90,FR,1546916400,93,48.86,2.35,282.15,3.6
1,Paris,90,FR,1546916400,93,48.86,2.35,282.15,3.6
2,Paris,90,FR,1546916400,93,48.86,2.35,282.15,3.6
3,Paris,90,FR,1546916400,93,48.86,2.35,282.15,3.6
4,Paris,90,FR,1546916400,93,48.86,2.35,282.15,3.6
5,Paris,90,FR,1546916400,93,48.86,2.35,282.15,3.6
6,Paris,90,FR,1546916400,93,48.86,2.35,282.15,3.6
7,Paris,90,FR,1546916400,93,48.86,2.35,282.15,3.6
8,Paris,90,FR,1546916400,93,48.86,2.35,282.15,3.6
9,Paris,90,FR,1546916400,93,48.86,2.35,282.15,3.6
10,Paris,90,FR,1546916400,93,48.86,2.35,282.15,3.6
11,Paris,90,FR,1546916400,93,48.86,2.35,282.15,3.6
12,Paris,90,FR,1546916400,93,48.86,2.35,282.15,3.6
13,Paris,90,FR,1546916400,93,48.86,2.35,282.15,3.6
14,Paris,90,FR,1546916400,93,48.86,2.35,282.15,3.6
15,Paris,90,FR,1546916400,93,48.86,2.35,282.15,3.6
16,Paris,90,FR,1546916400,93,48.86,2.35,282.15,3.6
17,Paris,90,FR,1546916400,93,48.86,2.35,282.15,3.6
18,Paris,90,FR,1546916400,93,48.86,2.35,282.15,3.6
19,Paris,90,FR,1546916400,93,48.86,2.35,282.15,3.6
20,Paris,90,FR,1546916400,93,48.86,2.35,282.15,3.6
21,Paris,90,FR,1546916400,93,48.86,2.35,282.15,3.6
22,Paris,90,FR,1546916400,93,48.86,2.35,282.15,3.6
23,Paris,90,FR,1546916400,93,48.86,2.35,282.15,3.6
24,Paris,90,FR,1546916400,93,48.86,2.35,282.15,3.6
25,Paris,90,FR,1546916400,93,48.86,2.35,282.15,3.6
26,Paris,90,FR,1546916400,93,48.86,2.35,282.15,3.6
27,Paris,90,FR,1546916400,93,48.86,2.35,282.15,3.6
28,Paris,90,FR,1546916400,93,48.86,2.35,282.15,3.6
29,Paris,90,FR,1546916400,93,48.86,2.35,282.15,3.6
30,Paris,90,FR,1546916400,93,48.86,2.35,282.15,3.6
31,Paris,90,FR,1546916400,93,48.86,2.35,282.15,3.6
32,Paris,90,FR,1546916400,93,48.86,2.35,282.15,3.6
33,Paris,90,FR,1546916400,93,48.86,2.35,282.15,3.6
34,Paris,90,FR,1546916400,93,48.86,2.35,282.15,3.6
35,Paris,90,FR,1546916400,93,48.86,2.35,282.15,3.6
36,Paris,90,FR,1546916400,93,48.86,2.35,282.15,3.6
37,Paris,90,FR,1546916400,93,48.86,2.35,282.15,3.6
38,Paris,90,FR,1546916400,93,48.86,2.35,282.15,3.6
39,Paris,90,FR,1546916400,93,48.86,2.35,282.15,3.6
40,Paris,90,FR,1546916400,93,48.86,2.35,282.15,3.6
41,Paris,90,FR,1546916400,93,48.86,2.35,282.15,3.6
42,Paris,90,FR,1546916400,93,48.86,2.35,282.15,3.6
43,Paris,90,FR,1546916400,93,48.86,2.35,282.15,3.6
44,Paris,90,FR,1546916400,93,48.86,2.35,282.15,3.6
45,Paris,90,FR,1546916400,93,48.86,2.35,282.15,3.6
46,Paris,90,FR,1546916400,93,48.86,2.35,282.15,3.6
47,Paris,90,FR,1546916400,93,48.86,2.35,282.15,3.6
48,Paris,90,FR,1546916400,93,48.86,2.35,282.15,3.6
49,Paris,90,FR,1546916400,93,48.86,2.35,282.15,3.6
50,Paris,90,FR,1546916400,93,48.86,2.35,282.15,3.6
51,Paris,90,FR,1546916400,93,48.86,2.35,282.15,3.6
52,Paris,90,FR,1546916400,93,48.86,2.35,282.15,3.6
53,Paris,90,FR,1546916400,93,48.86,2.35,282.15,3.6
54,Paris,90,FR,1546916400,93,48.86,2.35,282.15,3.6
55,Paris,90,FR,1546916400,93,48.86,2.35,282.15,3.6
56,Paris,90,FR,1546916400,93,48.86,2.35,282.15,3.6
57,Paris,90,FR,1546916400,93,48.86,2.35,282.15,3.6
58,Paris,90,FR,1546916400,93,48.86,2.35,282.15,3.6
59,Paris,90,FR,1546916400,93,48.86,2.35,282.15,3.6
60,Paris,90,FR,1546916400,93,48.86,2.35,282.15,3.6
61,Paris,90,FR,1546916400,93,48.86,2.35,282.15,3.6
62,Paris,90,FR,1546916400,93,48.86,2.35,282.15,3.6
63,Paris,90,FR,1546916400,93,48.86,2.35,282.15,3.6
64,Paris,90,FR,1546916400,93,48.86,2.35,282.15,3.6
65,Paris,90,FR,1546916400,93,48.86,2.35,282.15,3.6
66,Paris,90,FR,1546916400,93,48.86,2.35,282.15,3.6
67,Paris,90,FR,1546916400,93,48.86,2.35,282.15,3.6
68,Paris,90,FR,1546916400,93,48.86,2.35,282.15,3.6
69,Paris,90,FR,1546916400,93,48.86,2.35,282.15,3.6
70,Paris,90,FR,1546916400,93,48.86,2.35,282.15,3.6
71,Paris,90,FR,1546916400,93,48.86,2.35,282.15,3.6
72,Paris,90,FR,1546916400,93,48.86,2.35,282.15,3.6
73,Paris,90,FR,1546916400,93,48.86,2.35,282.15,3.6
74,Paris,90,FR,1546916400,93,48.86,2.35,282.15,3.6
75,Paris,90,FR,1546916400,93,48.86,2.35,282.15,3.6
76,Paris,90,FR,1546916400,93,48.86,2.35,282.15,3.6
77,Paris,90,FR,1546916400,93,48.86,2.35,282.15,3.6
78,Paris,90,FR,1546916400,93,48.86,2.35,282.15,3.6
79,Paris,90,FR,1546916400,93,48.86,2.35,282.15,3.6
80,Paris,90,FR,1546916400,93,48.86,2.35,282.15,3.6
81,Paris,90,FR,1546916400,93,48.86,2.35,282.15,3.6
82,Paris,90,FR,1546916400,93,48.86,2.35,282.15,3.6
83,Paris,90,FR,1546916400,93,48.86,2.35,282.15,3.6
84,Paris,90,FR,1546916400,93,48.86,2.35,282.15,3.6
85,Paris,90,FR,1546916400,93,48.86,2.35,282.15,3.6
86,Paris,90,FR,1546916400,93,48.86,2.35,282.15,3.6
87,Paris,90,FR,1546916400,93,48.86,2.35,282.15,3.6
88,Paris,90,FR,1546916400,93,48.86,2.35,282.15,3.6
89,Paris,90,FR,1546916400,93,48.86,2.35,282.15,3.6
90,Paris,90,FR,1546916400,93,48.86,2.35,282.15,3.6
91,Paris,90,FR,1546916400,93,48.86,2.35,282.15,3.6
92,Paris,90,FR,1546916400,93,48.86,2.35,282.15,3.6
93,Paris,90,FR,1546916400,93,48.86,2.35,282.15,3.6
94,Paris,90,FR,1546916400,93,48.86,2.35,282.15,3.6
95,Paris,90,FR,1546916400,93,48.86,2.35,282.15,3.6
96,Paris,90,FR,1546916400,93,48.86,2.35,282.15,3.6
97,Paris,90,FR,1546916400,93,48.86,2.35,282.15,3.6
98,Paris,90,FR,1546916400,93,48.86,2.35,282.15,3.6
99,Paris,90,FR,1546916400,93,48.86,2.35,282.15,3.6
100,Paris,90,FR,1546916400,93,48.86,2.35,282.15,3.6
101,Paris,90,FR,1546916400,93,48.86,2.35,282.15,3.6
102,Paris,90,FR,1546916400,93,48.86,2.35,282.15,3.6
103,Paris,90,FR,1546916400,93,48.86,2.35,282.15,3.6
104,Paris,90,FR,1546916400,93,48.86,2.35,282.15,3.6
105,Paris,90,FR,1546916400,93,48.86,2.35,282.15,3.6
106,Paris,90,FR,1546916400,93,48.86,2.35,282.15,3.6
107,Paris,90,FR,1546916400,93,48.86,2.35,282.15,3.6
108,Paris,90,FR,1546916400,93,48.86,2.35,282.15,3.6
109,Paris,90,FR,1546916400,93,48.86,2.35,282.15,3.6
110,Paris,90,FR,1546916400,93,48.86,2.35,282.15,3.6
111,Paris,90,FR,1546916400,93,48.86,2.35,282.15,3.6
112,Paris,90,FR,1546916400,93,48.86,2.35,282.15,3.6
113,Paris,90,FR,1546916400,93,48.86,2.35,282.15,3.6
114,Paris,90,FR,1546916400,93,48.86,2.35,282.15,3.6
115,Paris,90,FR,1546916400,93,48.86,2.35,282.15,3.6
116,Paris,90,FR,1546916400,93,48.86,2.35,282.15,3.6
117,Paris,90,FR,1546916400,93,48.86,2.35,282.15,3.6
118,Paris,90,FR,1546916400,93,48.86,2.35,282.15,3.6
119,Paris,90,FR,1546916400,93,48.86,2.35,282.15,3.6
120,Paris,90,FR,1546916400,93,48.86,2.35,282.15,3.6
121,Paris,90,FR,1546916400,93,48.86,2.35,282.15,3.6
122,Paris,90,FR,1546916400,93,48.86,2.35,282.15,3.6
123,Paris,90,FR,1546916400,93,48.86,2.35,282.15,3.6
124,Paris,90,FR,1546916400,93,48.86,2.35,282.15,3.6
125,Paris,90,FR,1546916400,93,48.86,2.35,282.15,3.6
126,Paris,90,FR,1546916400,93,48.86,2.35,282.15,3.6
127,Paris,90,FR,1546916400,93,48.86,2.35,282.15,3.6
128,Paris,90,FR,1546916400,93,48.86,2.35,282.15,3.6
129,Paris,90,FR,1546916400,93,48.86,2.35,282.15,3.6
130,Paris,90,FR,1546916400,93,48.86,2.35,282.15,3.6
131,Paris,90,FR,1546916400,93,48.86,2.35,282.15,3.6
132,Paris,90,FR,1546916400,93,48.86,2.35,282.15,3.6
133,Paris,90,FR,1546916400,93,48.86,2.35,282.15,3.6
134,Paris,90,FR,1546916400,93,48.86,2.35,282.15,3.6
135,Paris,90,FR,1546916400,93,48.86,2.35,282.15,3.6
136,Paris,90,FR,1546916400,93,48.86,2.35,282.15,3.6
137,Paris,90,FR,1546916400,93,48.86,2.35,282.15,3.6
138,Paris,90,FR,1546916400,93,48.86,2.35,282.15,3.6
139,Paris,90,FR,1546916400,93,48.86,2.35,282.15,3.6
140,Paris,90,FR,1546916400,93,48.86,2.35,282.15,3.6
141,Paris,90,FR,1546916400,93,48.86,2.35,282.15,3.6
142,Paris,90,FR,1546916400,93,48.86,2.35,282.15,3.6
143,Paris,90,FR,1546916400,93,48.86,2.35,282.15,3.6
144,Paris,90,FR,1546916400,93,48.86,2.35,282.15,3.6
145,Paris,90,FR,1546916400,93,48.86,2.35,282.15,3.6
146,Paris,90,FR,1546916400,93,48.86,2.35,282.15,3.6
147,Paris,90,FR,1546916400,93,48.86,2.35,282.15,3.6
148,Paris,90,FR,1546916400,93,48.86,2.35,282.15,3.6
149,Paris,90,FR,1546916400,93,48.86,2.35,282.15,3.6
150,Paris,90,FR,1546916400,93,48.86,2.35,282.15,3.6
151,Paris,90,FR,1546916400,93,48.86,2.35,282.15,3.6
152,Paris,90,FR,1546916400,93,48.86,2.35,282.15,3.6
153,Paris,90,FR,1546916400,93,48.86,2.35,282.15,3.6
154,Paris,90,FR,1546916400,93,48.86,2.35,282.15,3.6
155,Paris,90,FR,1546916400,93,48.86,2.35,282.15,3.6
156,Paris,90,FR,1546916400,93,48.86,2.35,282.15,3.6
157,Paris,90,FR,1546916400,93,48.86,2.35,282.15,3.6
158,Paris,90,FR,1546916400,93,48.86,2.35,282.15,3.6
159,Paris,90,FR,1546916400,93,48.86,2.35,282.15,3.6
160,Paris,90,FR,1546916400,93,48.86,2.35,282.15,3.6
161,Paris,90,FR,1546916400,93,48.86,2.35,282.15,3.6
162,Paris,90,FR,1546916400,93,48.86,2.35,282.15,3.6
163,Paris,90,FR,1546916400,93,48.86,2.35,282.15,3.6
164,Paris,90,FR,1546916400,93,48.86,2.35,282.15,3.6
165,Paris,90,FR,1546916400,93,48.86,2.35,282.15,3.6
166,Paris,90,FR,1546916400,93,48.86,2.35,282.15,3.6
167,Paris,90,FR,1546916400,93,48.86,2.35,282.15,3.6
168,Paris,90,FR,1546916400,93,48.86,2.35,282.15,3.6
169,Paris,90,FR,1546916400,93,48.86,2.35,282.15,3.6
170,Paris,90,FR,1546916400,93,48.86,2.35,282.15,3.6
171,Paris,90,FR,1546916400,93,48.86,2.35,282.15,3.6
172,Paris,90,FR,1546916400,93,48.86,2.35,282.15,3.6
173,Paris,90,FR,1546916400,93,48.86,2.35,282.15,3.6
174,Paris,90,FR,1546916400,93,48.86,2.35,282.15,3.6
175,Paris,90,FR,1546916400,93,48.86,2.35,282.15,3.6
176,Paris,90,FR,1546916400,93,48.86,2.35,282.15,3.6
177,Paris,90,FR,1546916400,93,48.86,2.35,282.15,3.6
178,Paris,90,FR,1546916400,93,48.86,2.35,282.15,3.6
179,Paris,90,FR,1546916400,93,48.86,2.35,282.15,3.6
180,Paris,90,FR,1546916400,93,48.86,2.35,282.15,3.6
181,Paris,90,FR,1546916400,93,48.86,2.35,282.15,3.6
182,Paris,90,FR,1546916400,93,48.86,2.35,282.15,3.6
183,Paris,90,FR,1546916400,93,48.86,2.35,282.15,3.6
184,Paris,90,FR,1546916400,93,48.86,2.35,282.15,3.6
185,Paris,90,FR,1546916400,93,48.86,2.35,282.15,3.6
186,Paris,90,FR,1546916400,93,48.86,2.35,282.15,3.6
187,Paris,90,FR,1546916400,93,48.86,2.35,282.15,3.6
188,Paris,90,FR,1546916400,93,48.86,2.35,282.15,3.6
189,Paris,90,FR,1546916400,93,48.86,2.35,282.15,3.6
190,Paris,90,FR,1546916400,93,48.86,2.35,282.15,3.6
191,Paris,90,FR,1546916400,93,48.86,2.35,282.15,3.6
192,Paris,90,FR,1546916400,93,48.86,2.35,282.15,3.6
193,Paris,90,FR,1546916400,93,48.86,2.35,282.15,3.6
194,Paris,90,FR,1546916400,93,48.86,2.35,282.15,3.6
195,Paris,90,FR,1546916400,93,48.86,2.35,282.15,3.6
196,Paris,90,FR,1546916400,93,48.86,2.35,282.15,3.6
197,Paris,90,FR,1546916400,93,48.86,2.35,282.15,3.6
198,Paris,90,FR,1546916400,93,48.86,2.35,282.15,3.6
199,Paris,90,FR,1546916400,93,48.86,2.35,282.15,3.6
200,Paris,90,FR,1546916400,93,48.86,2.35,282.15,3.6
201,Paris,90,FR,1546916400,93,48.86,2.35,282.15,3.6
202,Paris,90,FR,1546916400,93,48.86,2.35,282.15,3.6
203,Paris,90,FR,1546916400,93,48.86,2.35,282.15,3.6
204,Paris,90,FR,1546916400,93,48.86,2.35,282.15,3.6
205,Paris,90,FR,1546916400,93,48.86,2.35,282.15,3.6
206,Paris,90,FR,1546916400,93,48.86,2.35,282.15,3.6
207,Paris,90,FR,1546916400,93,48.86,2.35,282.15,3.6
208,Paris,90,FR,1546916400,93,48.86,2.35,282.15,3.6
209,Paris,90,FR,1546916400,93,48.86,2.35,282.15,3.6
210,Paris,90,FR,1546916400,93,48.86,2.35,282.15,3.6
211,Paris,90,FR,1546916400,93,48.86,2.35,282.15,3.6
212,Paris,90,FR,1546916400,93,48.86,2.35,282.15,3.6
213,Paris,90,FR,1546916400,93,48.86,2.35,282.15,3.6
214,Paris,90,FR,1546916400,93,48.86,2.35,282.15,3.6
215,Paris,90,FR,1546916400,93,48.86,2.35,282.15,3.6
216,Paris,90,FR,1546916400,93,48.86,2.35,282.15,3.6
217,Paris,90,FR,1546916400,93,48.86,2.35,282.15,3.6
218,Paris,90,FR,1546916400,93,48.86,2.35,282.15,3.6
219,Paris,90,FR,1546916400,93,48.86,2.35,282.15,3.6
220,Paris,90,FR,1546916400,93,48.86,2.35,282.15,3.6
221,Paris,90,FR,1546916400,93,48.86,2.35,282.15,3.6
222,Paris,90,FR,1546916400,93,48.86,2.35,282.15,3.6
223,Paris,90,FR,1546916400,93,48.86,2.35,282.15,3.6
224,Paris,90,FR,1546916400,93,48.86,2.35,282.15,3.6
225,Paris,90,FR,1546916400,93,48.86,2.35,282.15,3.6
226,Paris,90,FR,1546916400,93,48.86,2.35,282.15,3.6
227,Paris,90,FR,1546916400,93,48.86,2.35,282.15,3.6
228,Paris,90,FR,1546916400,93,48.86,2.35,282.15,3.6
229,Paris,90,FR,1546916400,93,48.86,2.35,282.15,3.6
230,Paris,90,FR,1546916400,93,48.86,2.35,282.15,3.6
231,Paris,90,FR,1546916400,93,48.86,2.35,282.15,3.6
232,Paris,90,FR,1546916400,93,48.86,2.35,282.15,3.6
233,Paris,90,FR,1546916400,93,48.86,2.35,282.15,3.6
234,Paris,90,FR,1546916400,93,48.86,2.35,282.15,3.6
235,Paris,90,FR,1546916400,93,48.86,2.35,282.15,3.6
236,Paris,90,FR,1546916400,93,48.86,2.35,282.15,3.6
237,Paris,90,FR,1546916400,93,48.86,2.35,282.15,3.6
238,Paris,90,FR,1546916400,93,48.86,2.35,282.15,3.6
239,Paris,90,FR,1546916400,93,48.86,2.35,282.15,3.6
240,Paris,90,FR,1546916400,93,48.86,2.35,282.15,3.6
241,Paris,90,FR,1546916400,93,48.86,2.35,282.15,3.6
242,Paris,90,FR,1546916400,93,48.86,2.35,282.15,3.6
243,Paris,90,FR,1546916400,93,48.86,2.35,282.15,3.6
244,Paris,90,FR,1546916400,93,48.86,2.35,282.15,3.6
245,Paris,90,FR,1546916400,93,48.86,2.35,282.15,3.6
246,Paris,90,FR,1546916400,93,48.86,2.35,282.15,3.6
247,Paris,90,FR,1546916400,93,48.86,2.35,282.15,3.6
248,Paris,90,FR,1546916400,93,48.86,2.35,282.15,3.6
249,Paris,90,FR,1546916400,93,48.86,2.35,282.15,3.6
250,Paris,90,FR,1546916400,93,48.86,2.35,282.15,3.6
251,Paris,90,FR,1546916400,93,48.86,2.35,282.15,3.6
252,Paris,90,FR,1546916400,93,48.86,2.35,282.15,3.6
253,Paris,90,FR,1546916400,93,48.86,2.35,282.15,3.6
254,Paris,90,FR,1546916400,93,48.86,2.35,282.15,3.6
255,Paris,90,FR,1546916400,93,48.86,2.35,282.15,3.6
256,Paris,90,FR,1546916400,93,48.86,2.35,282.15,3.6
257,Paris,90,FR,1546916400,93,48.86,2.35,282.15,3.6
258,Paris,90,FR,1546916400,93,48.86,2.35,282.15,3.6
259,Paris,90,FR,1546916400,93,48.86,2.35,282.15,3.6
260,Paris,90,FR,1546916400,93,48.86,2.35,282.15,3.6
261,Paris,90,FR,1546916400,93,48.86,2.35,282.15,3.6
262,Paris,90,FR,1546916400,93,48.86,2.35,282.15,3.6
263,Paris,90,FR,1546916400,93,48.86,2.35,282.15,3.6
264,Paris,90,FR,1546916400,93,48.86,2.35,282.15,3.6
265,Paris,90,FR,1546916400,93,48.86,2.35,282.15,3.6
266,Paris,90,FR,1546916400,93,48.86,2.35,282.15,3.6
267,Paris,90,FR,1546916400,93,48.86,2.35,282.15,3.6
268,Paris,90,FR,1546916400,93,48.86,2.35,282.15,3.6
269,Paris,90,FR,1546916400,93,48.86,2.35,282.15,3.6
270,Paris,90,FR,1546916400,93,48.86,2.35,282.15,3.6
271,Paris,90,FR,1546916400,93,48.86,2.35,282.15,3.6
272,Paris,90,FR,1546916400,93,48.86,2.35,282.15,3.6
273,Paris,90,FR,1546916400,93,48.86,2.35,282.15,3.6
274,Paris,90,FR,1546916400,93,48.86,2.35,282.15,3.6
275,Paris,90,FR,1546916400,93,48.86,2.35,282.15,3.6
276,Paris,90,FR,1546916400,93,48.86,2.35,282.15,3.6
277,Paris,90,FR,1546916400,93,48.86,2.35,282.15,3.6
278,Paris,90,FR,1546916400,93,48.86,2.35,282.15,3.6
279,Paris,90,FR,1546916400,93,48.86,2.35,282.15,3.6
280,Paris,90,FR,1546916400,93,48.86,2.35,282.15,3.6
281,Paris,90,FR,1546916400,93,48.86,2.35,282.15,3.6
282,Paris,90,FR,1546916400,93,48.86,2.35,282.15,3.6
283,Paris,90,FR,1546916400,93,48.86,2.35,282.15,3.6
284,Paris,90,FR,1546916400,93,48.86,2.35,282.15,3.6
285,Paris,90,FR,1546916400,93,48.86,2.35,282.15,3.6
286,Paris,90,FR,1546916400,93,48.86,2.35,282.15,3.6
287,Paris,90,FR,1546916400,93,48.86,2.35,282.15,3.6
288,Paris,90,FR,1546916400,93,48.86,2.35,282.15,3.6
289,Paris,90,FR,1546916400,93,48.86,2.35,282.15,3.6
290,Paris,90,FR,1546916400,93,48.86,2.35,282.15,3.6
291,Paris,90,FR,1546916400,93,48.86,2.35,282.15,3.6
292,Paris,90,FR,1546916400,93,48.86,2.35,282.15,3.6
293,Paris,90,FR,1546916400,93,48.86,2.35,282.15,3.6
294,Paris,90,FR,1546916400,93,48.86,2.35,282.15,3.6
295,Paris,90,FR,1546916400,93,48.86,2.35,282.15,3.6
296,Paris,90,FR,1546916400,93,48.86,2.35,282.15,3.6
297,Paris,90,FR,1546916400,93,48.86,2.35,282.15,3.6
298,Paris,90,FR,1546916400,93,48.86,2.35,282.15,3.6
299,Paris,90,FR,1546916400,93,48.86,2.35,282.15,3.6
300,Paris,90,FR,1546916400,93,48.86,2.35,282.15,3.6
301,Paris,90,FR,1546916400,93,48.86,2.35,282.15,3.6
302,Paris,90,FR,1546916400,93,48.86,2.35,282.15,3.6
303,Paris,90,FR,1546916400,93,48.86,2.35,282.15,3.6
304,Paris,90,FR,1546916400,93,48.86,2.35,282.15,3.6
305,Paris,90,FR,1546916400,93,48.86,2.35,282.15,3.6
306,Paris,90,FR,1546916400,93,48.86,2.35,282.15,3.6
307,Paris,90,FR,1546916400,93,48.86,2.35,282.15,3.6
308,Paris,90,FR,1546916400,93,48.86,2.35,282.15,3.6
309,Paris,90,FR,1546916400,93,48.86,2.35,282.15,3.6
310,Paris,90,FR,1546916400,93,48.86,2.35,282.15,3.6
311,Paris,90,FR,1546916400,93,48.86,2.35,282.15,3.6
312,Paris,90,FR,1546916400,93,48.86,2.35,282.15,3.6
313,Paris,90,FR,1546916400,93,48.86,2.35,282.15,3.6
314,Paris,90,FR,1546916400,93,48.86,2.35,282.15,3.6
315,Paris,90,FR,1546916400,93,48.86,2.35,282.15,3.6
316,Paris,90,FR,1546916400,93,48.86,2.35,282.15,3.6
317,Paris,90,FR,1546916400,93,48.86,2.35,282.15,3.6
318,Paris,90,FR,1546916400,93,48.86,2.35,282.15,3.6
319,Paris,90,FR,1546916400,93,48.86,2.35,282.15,3.6
320,Paris,90,FR,1546916400,93,48.86,2.35,282.15,3.6
321,Paris,90,FR,1546916400,93,48.86,2.35,282.15,3.6
322,Paris,90,FR,1546916400,93,48.86,2.35,282.15,3.6
323,Paris,90,FR,1546916400,93,48.86,2.35,282.15,3.6
324,Paris,90,FR,1546916400,93,48.86,2.35,282.15,3.6
325,Paris,90,FR,1546916400,93,48.86,2.35,282.15,3.6
326,Paris,90,FR,1546916400,93,48.86,2.35,282.15,3.6
327,Paris,90,FR,1546916400,93,48.86,2.35,282.15,3.6
328,Paris,90,FR,1546916400,93,48.86,2.35,282.15,3.6
329,Paris,90,FR,1546916400,93,48.86,2.35,282.15,3.6
330,Paris,90,FR,1546916400,93,48.86,2.35,282.15,3.6
331,Paris,90,FR,1546916400,93,48.86,2.35,282.15,3.6
332,Paris,90,FR,1546916400,93,48.86,2.35,282.15,3.6
333,Paris,90,FR,1546916400,93,48.86,2.35,282.15,3.6
334,Paris,90,FR,1546916400,93,48.86,2.35,282.15,3.6
335,Paris,90,FR,1546916400,93,48.86,2.35,282.15,3.6
336,Paris,90,FR,1546916400,93,48.86,2.35,282.15,3.6
337,Paris,90,FR,1546916400,93,48.86,2.35,282.15,3.6
338,Paris,90,FR,1546916400,93,48.86,2.35,282.15,3.6
339,Paris,90,FR,1546916400,93,48.86,2.35,282.15,3.6
340,Paris,90,FR,1546916400,93,48.86,2.35,282.15,3.6
341,Paris,90,FR,1546916400,93,48.86,2.35,282.15,3.6
342,Paris,90,FR,1546916400,93,48.86,2.35,282.15,3.6
343,Paris,90,FR,1546916400,93,48.86,2.35,282.15,3.6
344,Paris,90,FR,1546916400,93,48.86,2.35,282.15,3.6
345,Paris,90,FR,1546916400,93,48.86,2.35,282.15,3.6
346,Paris,90,FR,1546916400,93,48.86,2.35,282.15,3.6
347,Paris,90,FR,1546916400,93,48.86,2.35,282.15,3.6
348,Paris,90,FR,1546916400,93,48.86,2.35,282.15,3.6
349,Paris,90,FR,1546916400,93,48.86,2.35,282.15,3.6
350,Paris,90,FR,1546916400,93,48.86,2.35,282.15,3.6
351,Paris,90,FR,1546916400,93,48.86,2.35,282.15,3.6
352,Paris,90,FR,1546916400,93,48.86,2.35,282.15,3.6
353,Paris,90,FR,1546916400,93,48.86,2.35,282.15,3.6
354,Paris,90,FR,1546916400,93,48.86,2.35,282.15,3.6
355,Paris,90,FR,1546916400,93,48.86,2.35,282.15,3.6
356,Paris,90,FR,1546916400,93,48.86,2.35,282.15,3.6
357,Paris,90,FR,1546916400,93,48.86,2.35,282.15,3.6
358,Paris,90,FR,1546916400,93,48.86,2.35,282.15,3.6
359,Paris,90,FR,1546916400,93,48.86,2.35,282.15,3.6
360,Paris,90,FR,1546916400,93,48.86,2.35,282.15,3.6
361,Paris,90,FR,1546916400,93,48.86,2.35,282.15,3.6
362,Paris,90,FR,1546916400,93,48.86,2.35,282.15,3.6
363,Paris,90,FR,1546916400,93,48.86,2.35,282.15,3.6
364,Paris,90,FR,1546916400,93,48.86,2.35,282.15,3.6
365,Paris,90,FR,1546916400,93,48.86,2.35,282.15,3.6
366,Paris,90,FR,1546916400,93,48.86,2.35,282.15,3.6
367,Paris,90,FR,1546916400,93,48.86,2.35,282.15,3.6
368,Paris,90,FR,1546916400,93,48.86,2.35,282.15,3.6
369,Paris,90,FR,1546916400,93,48.86,2.35,282.15,3.6
370,Paris,90,FR,1546916400,93,48.86,2.35,282.15,3.6
371,Paris,90,FR,1546916400,93,48.86,2.35,282.15,3.6
372,Paris,90,FR,1546916400,93,48.86,2.35,282.15,3.6
373,Paris,90,FR,1546916400,93,48.86,2.35,282.15,3.6
374,Paris,90,FR,1546916400,93,48.86,2.35,282.15,3.6
375,Paris,90,FR,1546916400,93,48.86,2.35,282.15,3.6
376,Paris,90,FR,1546916400,93,48.86,2.35,282.15,3.6
377,Paris,90,FR,1546916400,93,48.86,2.35,282.15,3.6
378,Paris,90,FR,1546916400,93,48.86,2.35,282.15,3.6
379,Paris,90,FR,1546916400,93,48.86,2.35,282.15,3.6
380,Paris,90,FR,1546916400,93,48.86,2.35,282.15,3.6
381,Paris,90,FR,1546916400,93,48.86,2.35,282.15,3.6
382,Paris,90,FR,1546916400,93,48.86,2.35,282.15,3.6
383,Paris,90,FR,1546916400,93,48.86,2.35,282.15,3.6
384,Paris,90,FR,1546916400,93,48.86,2.35,282.15,3.6
385,Paris,90,FR,1546916400,93,48.86,2.35,282.15,3.6
386,Paris,90,FR,1546916400,93,48.86,2.35,282.15,3.6
387,Paris,90,FR,1546916400,93,48.86,2.35,282.15,3.6
388,Paris,90,FR,1546916400,93,48.86,2.35,282.15,3.6
389,Paris,90,FR,1546916400,93,48.86,2.35,282.15,3.6
390,Paris,90,FR,1546916400,93,48.86,2.35,282.15,3.6
391,Paris,90,FR,1546916400,93,48.86,2.35,282.15,3.6
392,Paris,90,FR,1546916400,93,48.86,2.35,282.15,3.6
393,Paris,90,FR,1546916400,93,48.86,2.35,282.15,3.6
394,Paris,90,FR,1546916400,93,48.86,2.35,282.15,3.6
395,Paris,90,FR,1546916400,93,48.86,2.35,282.15,3.6
396,Paris,90,FR,1546916400,93,48.86,2.35,282.15,3.6
397,Paris,90,FR,1546916400,93,48.86,2.35,282.15,3.6
398,Paris,90,FR,1546916400,93,48.86,2.35,282.15,3.6
399,Paris,90,FR,1546916400,93,48.86,2.35,282.15,3.6
400,Paris,90,FR,1546916400,93,48.86,2.35,282.15,3.6
401,Paris,90,FR,1546916400,93,48.86,2.35,282.15,3.6
402,Paris,90,FR,1546916400,93,48.86,2.35,282.15,3.6
403,Paris,90,FR,1546916400,93,48.86,2.35,282.15,3.6
404,Paris,90,FR,1546916400,93,48.86,2.35,282.15,3.6
405,Paris,90,FR,1546916400,93,48.86,2.35,282.15,3.6
406,Paris,90,FR,1546916400,93,48.86,2.35,282.15,3.6
407,Paris,90,FR,1546916400,93,48.86,2.35,282.15,3.6
408,Paris,90,FR,1546916400,93,48.86,2.35,282.15,3.6
409,Paris,90,FR,1546916400,93,48.86,2.35,282.15,3.6
410,Paris,90,FR,1546916400,93,48.86,2.35,282.15,3.6
411,Paris,90,FR,1546916400,93,48.86,2.35,282.15,3.6
412,Paris,90,FR,1546916400,93,48.86,2.35,282.15,3.6
413,Paris,90,FR,1546916400,93,48.86,2.35,282.15,3.6
414,Paris,90,FR,1546916400,93,48.86,2.35,282.15,3.6
415,Paris,90,FR,1546916400,93,48.86,2.35,282.15,3.6
416,Paris,90,FR,1546916400,93,48.86,2.35,282.15,3.6
417,Paris,90,FR,1546916400,93,48.86,2.35,282.15,3.6
418,Paris,90,FR,1546916400,93,48.86,2.35,282.15,3.6
419,Paris,90,FR,1546916400,93,48.86,2.35,282.15,3.6
420,Paris,90,FR,1546916400,93,48.86,2.35,282.15,3.6
421,Paris,90,FR,1546916400,93,48.86,2.35,282.15,3.6
422,Paris,90,FR,1546916400,93,48.86,2.35,282.15,3.6
423,Paris,90,FR,1546916400,93,48.86,2.35,282.15,3.6
424,Paris,90,FR,1546916400,93,48.86,2.35,282.15,3.6
425,Paris,90,FR,1546916400,93,48.86,2.35,282.15,3.6
426,Paris,90,FR,1546916400,93,48.86,2.35,282.15,3.6
427,Paris,90,FR,1546916400,93,48.86,2.35,282.15,3.6
428,Paris,90,FR,1546916400,93,48.86,2.35,282.15,3.6
429,Paris,90,FR,1546916400,93,48.86,2.35,282.15,3.6
430,Paris,90,FR,1546916400,93,48.86,2.35,282.15,3.6
431,Paris,90,FR,1546916400,93,48.86,2.35,282.15,3.6
432,Paris,90,FR,1546916400,93,48.86,2.35,282.15,3.6
433,Paris,90,FR,1546916400,93,48.86,2.35,282.15,3.6
434,Paris,90,FR,1546916400,93,48.86,2.35,282.15,3.6
435,Paris,90,FR,1546916400,93,48.86,2.35,282.15,3.6
436,Paris,90,FR,1546916400,93,48.86,2.35,282.15,3.6
437,Paris,90,FR,1546916400,93,48.86,2.35,282.15,3.6
438,Paris,90,FR,1546916400,93,48.86,2.35,282.15,3.6
439,Paris,90,FR,1546916400,93,48.86,2.35,282.15,3.6
440,Paris,90,FR,1546916400,93,48.86,2.35,282.15,3.6
441,Paris,90,FR,1546916400,93,48.86,2.35,282.15,3.6
442,Paris,90,FR,1546916400,93,48.86,2.35,282.15,3.6
443,Paris,90,FR,1546916400,93,48.86,2.35,282.15,3.6
444,Paris,90,FR,1546916400,93,48.86,2.35,282.15,3.6
445,Paris,90,FR,1546916400,93,48.86,2.35,282.15,3.6
446,Paris,90,FR,1546916400,93,48.86,2.35,282.15,3.6
447,Paris,90,FR,1546916400,93,48.86,2.35,282.15,3.6
448,Paris,90,FR,1546916400,93,48.86,2.35,282.15,3.6
449,Paris,90,FR,1546916400,93,48.86,2.35,282.15,3.6
450,Paris,90,FR,1546916400,93,48.86,2.35,282.15,3.6
451,Paris,90,FR,1546916400,93,48.86,2.35,282.15,3.6
452,Paris,90,FR,1546916400,93,48.86,2.35,282.15,3.6
453,Paris,90,FR,1546916400,93,48.86,2.35,282.15,3.6
454,Paris,90,FR,1546916400,93,48.86,2.35,282.15,3.6
455,Paris,90,FR,1546916400,93,48.86,2.35,282.15,3.6
456,Paris,90,FR,1546916400,93,48.86,2.35,282.15,3.6
457,Paris,90,FR,1546916400,93,48.86,2.35,282.15,3.6
458,Paris,90,FR,1546916400,93,48.86,2.35,282.15,3.6
459,Paris,90,FR,1546916400,93,48.86,2.35,282.15,3.6
460,Paris,90,FR,1546916400,93,48.86,2.35,282.15,3.6
461,Paris,90,FR,1546916400,93,48.86,2.35,282.15,3.6
462,Paris,90,FR,1546916400,93,48.86,2.35,282.15,3.6
463,Paris,90,FR,1546916400,93,48.86,2.35,282.15,3.6
464,Paris,90,FR,1546916400,93,48.86,2.35,282.15,3.6
465,Paris,90,FR,1546916400,93,48.86,2.35,282.15,3.6
466,Paris,90,FR,1546916400,93,48.86,2.35,282.15,3.6
467,Paris,90,FR,1546916400,93,48.86,2.35,282.15,3.6
468,Paris,90,FR,1546916400,93,48.86,2.35,282.15,3.6
469,Paris,90,FR,1546916400,93,48.86,2.35,282.15,3.6
470,Paris,90,FR,1546916400,93,48.86,2.35,282.15,3.6
471,Paris,90,FR,1546916400,93,48.86,2.35,282.15,3.6
472,Paris,90,FR,1546916400,93,48.86,2.35,282.15,3.6
473,Paris,90,FR,1546916400,93,48.86,2.35,282.15,3.6
474,Paris,90,FR,1546916400,93,48.86,2.35,282.15,3.6
475,Paris,90,FR,1546916400,93,48.86,2.35,282.15,3.6
476,Paris,90,FR,1546916400,93,48.86,2.35,282.15,3.6
477,Paris,90,FR,1546916400,93,48.86,2.35,282.15,3.6
478,Paris,90,FR,1546916400,93,48.86,2.35,282.15,3.6
479,Paris,90,FR,1546916400,93,48.86,2.35,282.15,3.6
480,Paris,90,FR,1546916400,93,48.86,2.35,282.15,3.6
481,Paris,90,FR,1546916400,93,48.86,2.35,282.15,3.6
482,Paris,90,FR,1546916400,93,48.86,2.35,282.15,3.6
483,Paris,90,FR,1546916400,93,48.86,2.35,282.15,3.6
484,Paris,90,FR,1546916400,93,48.86,2.35,282.15,3.6
485,Paris,90,FR,1546916400,93,48.86,2.35,282.15,3.6
486,Paris,90,FR,1546916400,93,48.86,2.35,282.15,3.6
487,Paris,90,FR,1546916400,93,48.86,2.35,282.15,3.6
488,Paris,90,FR,1546916400,93,48.86,2.35,282.15,3.6
489,Paris,90,FR,1546916400,93,48.86,2.35,282.15,3.6
490,Paris,90,FR,1546916400,93,48.86,2.35,282.15,3.6
491,Paris,90,FR,1546916400,93,48.86,2.35,282.15,3.6
492,Paris,90,FR,1546916400,93,48.86,2.35,282.15,3.6
493,Paris,90,FR,1546916400,93,48.86,2.35,282.15,3.6
494,Paris,90,FR,1546916400,93,48.86,2.35,282.15,3.6
495,Paris,90,FR,1546916400,93,48.86,2.35,282.15,3.6
496,Paris,90,FR,1546916400,93,48.86,2.35,282.15,3.6
497,Paris,90,FR,1546916400,93,48.86,2.35,282.15,3.6
498,Paris,90,FR,1546916400,93,48.86,2.35,282.15,3.6
499,Paris,90,FR,1546916400,93,48.86,2.35,282.15,3.6
500,Paris,90,FR,1546916400,93,48.86,2.35,282.15,3.6
501,Paris,90,FR,1546916400,93,48.86,2.35,282.15,3.6
502,Paris,90,FR,1546916400,93,48.86,2.35,282.15,3.6
503,Paris,90,FR,1546916400,93,48.86,2.35,282.15,3.6
504,Paris,90,FR,1546916400,93,48.86,2.35,282.15,3.6
505,Paris,90,FR,1546916400,93,48.86,2.35,282.15,3.6
506,Paris,90,FR,1546916400,93,48.86,2.35,282.15,3.6
507,Paris,90,FR,1546916400,93,48.86,2.35,282.15,3.6
508,Paris,90,FR,1546916400,93,48.86,2.35,282.15,3.6
509,Paris,90,FR,1546916400,93,48.86,2.35,282.15,3.6
510,Paris,90,FR,1546916400,93,48.86,2.35,282.15,3.6
511,Paris,90,FR,1546916400,93,48.86,2.35,282.15,3.6
512,Paris,90,FR,1546916400,93,48.86,2.35,282.15,3.6
513,Paris,90,FR,1546916400,93,48.86,2.35,282.15,3.6
514,Paris,90,FR,1546916400,93,48.86,2.35,282.15,3.6
515,Paris,90,FR,1546916400,93,48.86,2.35,282.15,3.6
516,Paris,90,FR,1546916400,93,48.86,2.35,282.15,3.6
517,Paris,90,FR,1546916400,93,48.86,2.35,282.15,3.6
518,Paris,90,FR,1546916400,93,48.86,2.35,282.15,3.6
519,Paris,90,FR,1546916400,93,48.86,2.35,282.15,3.6
520,Paris,90,FR,1546916400,93,48.86,2.35,282.15,3.6
521,Paris,90,FR,1546916400,93,48.86,2.35,282.15,3.6
522,Paris,90,FR,1546916400,93,48.86,2.35,282.15,3.6
523,Paris,90,FR,1546916400,93,48.86,2.35,282.15,3.6
524,Paris,90,FR,1546916400,93,48.86,2.35,282.15,3.6
525,Paris,90,FR,1546916400,93,48.86,2.35,282.15,3.6
526,Paris,90,FR,1546916400,93,48.86,2.35,282.15,3.6
527,Paris,90,FR,1546916400,93,48.86,2.35,282.15,3.6
528,Paris,90,FR,1546916400,93,48.86,2.35,282.15,3.6
529,Paris,90,FR,1546916400,93,48.86,2.35,282.15,3.6
530,Paris,90,FR,1546916400,93,48.86,2.35,282.15,3.6
531,Paris,90,FR,1546916400,93,48.86,2.35,282.15,3.6
532,Paris,90,FR,1546916400,93,48.86,2.35,282.15,3.6
533,Paris,90,FR,1546916400,93,48.86,2.35,282.15,3.6
534,Paris,90,FR,1546916400,93,48.86,2.35,282.15,3.6
535,Paris,90,FR,1546916400,93,48.86,2.35,282.15,3.6
536,Paris,90,FR,1546916400,93,48.86,2.35,282.15,3.6
537,Paris,90,FR,1546916400,93,48.86,2.35,282.15,3.6
538,Paris,90,FR,1546916400,93,48.86,2.35,282.15,3.6
539,Paris,90,FR,1546916400,93,48.86,2.35,282.15,3.6
540,Paris,90,FR,1546916400,93,48.86,2.35,282.15,3.6
541,Paris,90,FR,1546916400,93,48.86,2.35,282.15,3.6
542,Paris,90,FR,1546916400,93,48.86,2.35,282.15,3.6
543,Paris,90,FR,1546916400,93,48.86,2.35,282.15,3.6
544,Paris,90,FR,1546916400,93,48.86,2.35,282.15,3.6
545,Paris,90,FR,1546916400,93,48.86,2.35,282.15,3.6
546,Paris,90,FR,1546916400,93,48.86,2.35,282.15,3.6
547,Paris,90,FR,1546916400,93,48.86,2.35,282.15,3.6
548,Paris,90,FR,1546916400,93,48.86,2.35,282.15,3.6
549,Paris,90,FR,1546916400,93,48.86,2.35,282.15,3.6
550,Paris,90,FR,1546916400,93,48.86,2.35,282.15,3.6
551,Paris,90,FR,1546916400,93,48.86,2.35,282.15,3.6
552,Paris,90,FR,1546916400,93,48.86,2.35,282.15,3.6
553,Paris,90,FR,1546916400,93,48.86,2.35,282.15,3.6
554,Paris,90,FR,1546916400,93,48.86,2.35,282.15,3.6
555,Paris,90,FR,1546916400,93,48.86,2.35,282.15,3.6
556,Paris,90,FR,1546916400,93,48.86,2.35,282.15,3.6
557,Paris,90,FR,1546916400,93,48.86,2.35,282.15,3.6
558,Paris,90,FR,1546916400,93,48.86,2.35,282.15,3.6
559,Paris,90,FR,1546916400,93,48.86,2.35,282.15,3.6
560,Paris,90,FR,1546916400,93,48.86,2.35,282.15,3.6
561,Paris,90,FR,1546916400,93,48.86,2.35,282.15,3.6
562,Paris,90,FR,1546916400,93,48.86,2.35,282.15,3.6
563,Paris,90,FR,1546916400,93,48.86,2.35,282.15,3.6
564,Paris,90,FR,1546916400,93,48.86,2.35,282.15,3.6
565,Paris,90,FR,1546916400,93,48.86,2.35,282.15,3.6
566,Paris,90,FR,1546916400,93,48.86,2.35,282.15,3.6
567,Paris,90,FR,1546916400,93,48.86,2.35,282.15,3.6
568,Paris,90,FR,1546916400,93,48.86,2.35,282.15,3.6
569,Paris,90,FR,1546916400,93,48.86,2.35,282.15,3.6
570,Paris,90,FR,1546916400,93,48.86,2.35,282.15,3.6
571,Paris,90,FR,1546916400,93,48.86,2.35,282.15,3.6
572,Paris,90,FR,1546916400,93,48.86,2.35,282.15,3.6
573,Paris,90,FR,1546916400,93,48.86,2.35,282.15,3.6
574,Paris,90,FR,1546916400,93,48.86,2.35,282.15,3.6
575,Paris,90,FR,1546916400,93,48.86,2.35,282.15,3.6
576,Paris,90,FR,1546916400,93,48.86,2.35,282.15,3.6
577,Paris,90,FR,1546916400,93,48.86,2.35,282.15,3.6
578,Paris,90,FR,1546916400,93,48.86,2.35,282.15,3.6
579,Paris,90,FR,1546916400,93,48.86,2.35,282.15,3.6
580,Paris,90,FR,1546916400,93,48.86,2.35,282.15,3.6
581,Paris,90,FR,1546916400,93,48.86,2.35,282.15,3.6
582,Paris,90,FR,1546916400,93,48.86,2.35,282.15,3.6
583,Paris,90,FR,1546916400,93,48.86,2.35,282.15,3.6
584,Paris,90,FR,1546916400,93,48.86,2.35,282.15,3.6
585,Paris,90,FR,1546916400,93,48.86,2.35,282.15,3.6
586,Paris,90,FR,1546916400,93,48.86,2.35,282.15,3.6
587,Paris,90,FR,1546916400,93,48.86,2.35,282.15,3.6
588,Paris,90,FR,1546916400,93,48.86,2.35,282.15,3.6
589,Paris,90,FR,1546916400,93,48.86,2.35,282.15,3.6
590,Paris,90,FR,1546916400,93,48.86,2.35,282.15,3.6
591,Paris,90,FR,1546916400,93,48.86,2.35,282.15,3.6
592,Paris,90,FR,1546916400,93,48.86,2.35,282.15,3.6
593,Paris,90,FR,1546916400,93,48.86,2.35,282.15,3.6
594,Paris,90,FR,1546916400,93,48.86,2.35,282.15,3.6
595,Paris,90,FR,1546916400,93,48.86,2.35,282.15,3.6
596,Paris,90,FR,1546916400,93,48.86,2.35,282.15,3.6
597,Paris,90,FR,1546916400,93,48.86,2.35,282.15,3.6
598,Paris,90,FR,1546916400,93,48.86,2.35,282.15,3.6
599,Paris,90,FR,1546916400,93,48.86,2.35,282.15,3.6
600,Paris,90,FR,1546916400,93,48.86,2.35,282.15,3.6
601,Paris,90,FR,1546916400,93,48.86,2.35,282.15,3.6
602,Paris,90,FR,1546916400,93,48.86,2.35,282.15,3.6
